family,method,d=1 (leaky),d=24,d=48,d=96
classic,nlms_feat,,1.9945,2.0864,1.9409
classic,nlms_feat_mu0.02,,0.7773,0.7883,0.7645
classic,nlms_feat_mu0.05,,1.2305,1.2876,1.1802
classic,nlms_feat_mu0.3,,3.8829,3.7485,3.9129
elf,elf_linear,0.7303,0.7746,0.6858,0.6253
elf,elf_mix,0.5738,0.6098,0.6015,0.5934
external_tta,cosa,,0.648,0.6652,0.6597
external_tta,dynatta,,0.6965,0.6702,0.6756
external_tta,frozen,,0.6552,,
external_tta,petsa,,0.7868,0.787,0.7864
external_tta,tafas,,0.6557,0.6553,0.655
frozen,frozen,,0.6552,0.6552,0.6552
gd,gd_calib_sgd0.0001,,0.6307,0.6317,0.6314
gd,gd_calib_sgd0.001,,0.6707,0.6925,0.7087
gd,gd_calib_sgd0.01,,inf,inf,inf
gd,gd_calib_sgd0.1,,inf,inf,inf
gd,gd_feat_adam0.01,,0.9974,1.2187,1.3502
gd,gd_feat_sgd0.0001,,0.613,0.6143,0.6153
gd,gd_feat_sgd0.001,,49555.3594,48474.1797,106667.3984
gd,gd_feat_sgd0.01,,inf,inf,inf
gd,gd_feat_sgd0.1,,inf,inf,inf
gd,gd_feat_sgddec0.001,,0.6272,0.6316,0.6332
gd,gd_feat_sgddec0.01,,2.145044380964929e+30,2.708439929564207e+30,inf
gd,gd_feat_sgddec0.1,,inf,inf,inf
naive,naive,,1.043,1.043,1.043
naive,snaive,,1.7683,1.7683,1.7683
rls,rls_bank_med,,0.6235,0.6091,0.6066
rls,rls_calib,,0.6594,0.6324,0.6282
rls,rls_feat,,0.6951,0.6475,0.6455
rls_ablation,rls_bank_dftl,,2.7305,1.1719,1.2289
rls_ablation,rls_bank_ftl,,2.4076,0.9451,1.0087
rls_ablation,rls_bank_med_noclip,,0.623,0.6081,0.6059
rls_ablation,rls_feat_noclip,,0.6951,0.6475,0.6455
rls_sweep,rls_feat_l0.99,,3.0799,1.4057,1.5528
rls_sweep,rls_feat_l0.995,,1.6427,1.0382,1.1114
rls_sweep,rls_feat_l0.9995,,0.6303,0.6146,0.6126
rls_sweep,rls_feat_l0.9999,,0.6019,0.6001,0.5977
rls_sweep,rls_feat_l1,,0.6042,0.6028,0.6003
simple,bias_ema,,0.7715,0.7881,0.7718
